message,label
"Congratulations! You won a lottery of Rs 10,00,000. Click here to claim your prize.",scam
"Your bank account will be blocked. Verify your KYC immediately using this link.",scam
"URGENT! Your ATM card has been suspended. Call this number immediately.",scam
"You have won a free iPhone. Pay Rs 499 shipping charges to receive it.",scam
"Your UPI account has been selected for a cashback reward. Click the link to claim.",scam
"Send your OTP to verify your account and receive the reward.",scam
"Your electricity connection will be disconnected today. Pay immediately using this link.",scam
"Congratulations, you have been selected for a work from home job. Pay registration fee to continue.",scam
"Your parcel is on hold. Pay Rs 50 customs fee using this link.",scam
"Your credit card has suspicious activity. Share your OTP to cancel the transaction.",scam
"Your salary account needs KYC verification. Click this link immediately.",scam
"You have received Rs 500 cashback. Click here to transfer it to your bank.",scam
"Please send your bank details to receive your prize money.",scam
"Your account will be permanently deleted unless you verify it within 10 minutes.",scam
"Congratulations! You are selected for a lottery. Send your Aadhaar and bank details.",scam
"Meeting is scheduled for tomorrow at 10 AM.",safe
"Your order has been shipped and will arrive tomorrow.",safe
"Please submit the assignment before Friday.",safe
"Your electricity bill for this month is Rs 850.",safe
"Your appointment is confirmed for Monday at 11 AM.",safe
"Your friend sent you a message. Please call when you are free.",safe
"Your college timetable has been updated.",safe
"Your food order has been delivered.",safe
"Your monthly bank statement is now available.",safe
"Your train ticket booking has been confirmed.",safe
"Please attend the project meeting at 3 PM.",safe
"Your payment of Rs 500 was successful.",safe
"Your package has been delivered successfully.",safe
"Your exam results are now available.",safe
"Your library book is due next week.",safe